<keymap version="1" name="Windows copy Proper Redo" parent="$default">
  <action id="$Redo">
    <keyboard-shortcut first-keystroke="shift ctrl z" />
    <keyboard-shortcut first-keystroke="shift alt back_space" />
    <keyboard-shortcut first-keystroke="ctrl y" />
  </action>
  <action id="Annotate">
    <keyboard-shortcut first-keystroke="shift ctrl alt a" />
  </action>
  <action id="ChangeLaf">
    <keyboard-shortcut first-keystroke="ctrl t" />
  </action>
  <action id="CloseContent">
    <keyboard-shortcut first-keystroke="ctrl f4" />
    <keyboard-shortcut first-keystroke="back_quote" />
  </action>
  <action id="CommentByBlockComment">
    <keyboard-shortcut first-keystroke="shift ctrl slash" />
    <keyboard-shortcut first-keystroke="shift ctrl divide" />
    <keyboard-shortcut first-keystroke="shift ctrl c" />
  </action>
  <action id="CommentByLineComment">
    <keyboard-shortcut first-keystroke="ctrl slash" />
    <keyboard-shortcut first-keystroke="ctrl divide" />
    <keyboard-shortcut first-keystroke="shift ctrl c" />
  </action>
  <action id="CompareTwoFiles" />
  <action id="Console.Jdbc.Execute.2">
    <keyboard-shortcut first-keystroke="f1" />
  </action>
  <action id="Console.TableResult.CompareCells" />
  <action id="Console.TableResult.CopyAggregatorResult" />
  <action id="CopyAbsolutePath" />
  <action id="CopyPaths" />
  <action id="DatabaseView.CopyDdlAction">
    <keyboard-shortcut first-keystroke="shift ctrl alt g" />
  </action>
  <action id="Diff.ShowDiff" />
  <action id="Diff.ShowSettingsPopup" />
  <action id="EditorDeleteLine">
    <keyboard-shortcut first-keystroke="ctrl d" />
  </action>
  <action id="EditorDuplicate">
    <keyboard-shortcut first-keystroke="shift ctrl d" />
  </action>
  <action id="EditorDuplicateLines">
    <keyboard-shortcut first-keystroke="shift ctrl d" />
  </action>
  <action id="EditorLineEnd">
    <keyboard-shortcut first-keystroke="end" />
    <keyboard-shortcut first-keystroke="alt e" />
  </action>
  <action id="EditorLineStart">
    <keyboard-shortcut first-keystroke="home" />
    <keyboard-shortcut first-keystroke="alt a" />
  </action>
  <action id="EditorToggleUseSoftWraps">
    <keyboard-shortcut first-keystroke="shift ctrl alt q" />
  </action>
  <action id="EditorToggleUseSoftWrapsInPreview">
    <keyboard-shortcut first-keystroke="shift ctrl alt q" />
  </action>
  <action id="ExpressionTypeInfo" />
  <action id="ExternalSystem.ProjectRefreshAction" />
  <action id="FileChooser.GotoDesktop" />
  <action id="ForceOthersToFollowAction" />
  <action id="Git.Branches">
    <keyboard-shortcut first-keystroke="shift ctrl back_quote" />
    <keyboard-shortcut first-keystroke="shift ctrl alt b" />
  </action>
  <action id="Git.Pull">
    <keyboard-shortcut first-keystroke="shift ctrl p" />
  </action>
  <action id="Git.Stash">
    <keyboard-shortcut first-keystroke="alt s" />
  </action>
  <action id="Git.Unstash">
    <keyboard-shortcut first-keystroke="alt u" />
  </action>
  <action id="GrepConsole.TailQuickSwitch" />
  <action id="GuiDesigner.Duplicate" />
  <action id="Insert Hello World">
    <keyboard-shortcut first-keystroke="shift ctrl w" />
  </action>
  <action id="IntroduceTypeAlias" />
  <action id="Macro.semi-full-editor">
    <keyboard-shortcut first-keystroke="shift ctrl scroll_lock" />
  </action>
  <action id="Maven.ReimportProject">
    <keyboard-shortcut first-keystroke="shift ctrl r" />
  </action>
  <action id="RemoteHostView.CopyPaths" />
  <action id="ReplaceInPath" />
  <action id="RevealIn">
    <keyboard-shortcut first-keystroke="shift ctrl o" />
  </action>
  <action id="RunDashboard.CopyConfiguration" />
  <action id="ScrollPane-scrollEnd">
    <keyboard-shortcut first-keystroke="shift ctrl alt e" />
  </action>
  <action id="SendEOF" />
  <action id="Show Actions Popup">
    <keyboard-shortcut first-keystroke="shift ctrl alt p" />
  </action>
  <action id="TextSearchAction" />
  <action id="Uml.ShowDiff" />
  <action id="WelcomeScreen.CopyProjectPath" />
  <action id="XDebugger.CopyWatch" />
  <action id="com.mnw.tabmover.actions.MoveTabToFirstAction" />
  <action id="com.mnw.tabmover.actions.MoveTabToLastAction" />
  <action id="editRunConfigurations">
    <keyboard-shortcut first-keystroke="shift ctrl f11" />
  </action>
  <action id="openAssertEqualsDiff" />
  <action id="org.intellij.plugins.markdown.ui.actions.styling.ToggleCodeSpanAction" />
</keymap>