<keymap version="1" name="Windows copy" parent="$default">
  <action id="Annotate">
    <keyboard-shortcut first-keystroke="shift ctrl alt a" />
  </action>
  <action id="CloseContent">
    <keyboard-shortcut first-keystroke="ctrl f4" />
    <keyboard-shortcut first-keystroke="back_quote" />
  </action>
  <action id="CommentByBlockComment">
    <keyboard-shortcut first-keystroke="shift ctrl slash" />
    <keyboard-shortcut first-keystroke="shift ctrl divide" />
    <keyboard-shortcut first-keystroke="shift ctrl c" />
  </action>
  <action id="CommentByLineComment">
    <keyboard-shortcut first-keystroke="ctrl slash" />
    <keyboard-shortcut first-keystroke="ctrl divide" />
    <keyboard-shortcut first-keystroke="shift ctrl c" />
  </action>
  <action id="CompareTwoFiles" />
  <action id="Console.TableResult.CompareCells" />
  <action id="Console.TableResult.CopyAggregatorResult" />
  <action id="CopyAbsolutePath" />
  <action id="CopyPaths" />
  <action id="DatabaseView.CopyDdlAction">
    <keyboard-shortcut first-keystroke="shift ctrl alt g" />
  </action>
  <action id="Diff.ShowDiff" />
  <action id="Diff.ShowSettingsPopup" />
  <action id="EditorDeleteLine">
    <keyboard-shortcut first-keystroke="ctrl y" />
    <keyboard-shortcut first-keystroke="ctrl d" />
  </action>
  <action id="EditorDuplicate">
    <keyboard-shortcut first-keystroke="shift ctrl d" />
  </action>
  <action id="EditorDuplicateLines">
    <keyboard-shortcut first-keystroke="shift ctrl d" />
  </action>
  <action id="ExternalSystem.ProjectRefreshAction" />
  <action id="FileChooser.GotoDesktop" />
  <action id="ForceOthersToFollowAction" />
  <action id="GuiDesigner.Duplicate" />
  <action id="IntroduceTypeAlias" />
  <action id="Maven.ReimportProject">
    <keyboard-shortcut first-keystroke="shift ctrl r" />
  </action>
  <action id="RemoteHostView.CopyPaths" />
  <action id="ReplaceInPath" />
  <action id="RevealIn">
    <keyboard-shortcut first-keystroke="shift ctrl o" />
  </action>
  <action id="RunDashboard.CopyConfiguration" />
  <action id="SendEOF" />
  <action id="Uml.ShowDiff" />
  <action id="WelcomeScreen.CopyProjectPath" />
  <action id="XDebugger.CopyWatch" />
  <action id="editRunConfigurations">
    <keyboard-shortcut first-keystroke="shift ctrl f11" />
  </action>
  <action id="openAssertEqualsDiff" />
  <action id="org.intellij.plugins.markdown.ui.actions.styling.ToggleCodeSpanAction" />
</keymap>