<application>
  <component name="FeatureSuggesterSettings">
    <option name="workingDays">
      <list>
        <option value="1665816929791" />
        <option value="1665903273566" />
        <option value="1665991755719" />
        <option value="1666078634633" />
        <option value="1666166844863" />
        <option value="1666421430149" />
        <option value="1666511190821" />
        <option value="1666598220313" />
        <option value="1666684656693" />
        <option value="1666770765249" />
        <option value="1667026910744" />
        <option value="1667118493414" />
        <option value="1667201599523" />
        <option value="1667289644389" />
        <option value="1667373246550" />
        <option value="1667634099251" />
        <option value="1667720341508" />
        <option value="1667806207664" />
        <option value="1667893093064" />
        <option value="1667979540509" />
        <option value="1668235198651" />
        <option value="1668331050553" />
        <option value="1668411598417" />
        <option value="1668497012104" />
        <option value="1668584189325" />
        <option value="1668842942034" />
        <option value="1668929888507" />
        <option value="1669018580361" />
        <option value="1669105871203" />
        <option value="1669189897414" />
      </list>
    </option>
  </component>
</application>