<application>
  <component name="FileTypeManager" version="18">
    <extensionMap>
      <removed_mapping ext="apk" approved="true" type="ARCHIVE" />
      <removed_mapping ext="bash" approved="true" type="Shell Script" />
      <removed_mapping ext="json" approved="true" type="JSON" />
      <removed_mapping ext="psd" approved="true" type="Image" />
      <removed_mapping ext="sh" approved="true" type="Shell Script" />
      <removed_mapping ext="zsh" approved="true" type="Shell Script" />
      <removed_mapping pattern=".conf" approved="true" type="BashPro Shell Script" />
      <removed_mapping pattern=".conf" approved="true" type="Shell Script" />
      <mapping ext="conf" type="BashPro Shell Script" />
    </extensionMap>
  </component>
</application>